Country,Facebook,Pinterest,Twitter,Instagram,YouTube,reddit,LinkedIn,VKontakte,Tumblr
United States of America ,59.18,13.2,13.16,8.59,2.36,2.18,0,0,0
Jordan ,99.06,0,0,0,0,0,0,0,0
Indonesia ,92.02,0,0,2.55,3.67,0,0,0,0
Spain ,86.95,1.78,3.25,6.15,0,0,0,0,0
Pakistan ,94.07,0,1.99,1.84,1.28,0,0,0,0
Bulgaria ,94.52,0,0,1.19,3.21,0,0,0,0
Ireland ,94.8,0,2.58,1.4,0,0,0,0,0
Romania ,93.42,0,0,3.01,1.65,0,0,0,0
India ,47.18,2.08,4.54,33.71,10.26,0,1.32,0,0
France ,80.42,5.95,4.65,5.46,1.93,0,0,0,0
Philippines ,55.93,1.33,0,0,40.66,0,0,0,0
United Kingdom ,64.84,6.78,11.16,10.22,2.21,2.5,1.48,0,0
Mexico ,76.73,3.83,5.53,9.1,3.96,0,0,0,0
Hungary ,96.64,0,0,0,0,0,0,0,0
Canada ,57.06,15.6,11.95,8.18,1.98,3.46,0,0,0
Nepal ,92.37,0,5.15,0,1.44,0,0,0,0
Egypt ,85.29,0,2.65,7.64,3.32,0,0,0,0
Turkey ,38.1,1.19,8.38,48.77,2.81,0,0,0,0
 ,15.69,3.92,76.47,23.58,1.96,1.96,0,0,0
Italy ,72.02,4.72,5.57,13.43,2.26,1.18,0,0,0
Australia ,62.81,9.7,11.04,10.03,2.2,2.79,0,0,0
Sweden ,84.33,1.76,5.7,6.06,0,0,0,0,0
Greece ,92.1,1.65,1.64,3.52,0,0,0,0,0
Saudi Arabia ,67.86,0,15.76,11.51,1.91,0,1.78,0,0
Argentina ,65.34,4.31,2.6,14.59,10.19,0,2.12,0,0
Thailand ,23.86,1.7,65.2,1.87,5.85,0,0,0,0
Netherlands ,67.25,7.76,8.81,11.63,1.43,1.58,0,0,0
Germany ,48.7,10.94,20.12,13.47,2.65,2.19,0,0,0
Brazil ,34.27,21.01,3.29,32.45,6.49,1.48,0,0,0
Palestinian Territory ,96.35,0,0,2.65,0,0,0,0,0
Bangladesh ,79.47,0,10.72,0,7.38,0,0,0,0
Belgium ,75.7,7.05,5.14,7.61,2.4,1.17,0,0,0
Macedonia ,97.64,0,0,1.21,0,0,0,0,0
Colombia ,58.02,7.22,3.21,24.11,6.41,0,0,0,0
South Africa ,70.58,10.33,6.56,7.59,2.93,0,0,0,0
Albania ,96.73,0,0,1.69,0,0,0,0,0
United Arab Emirates ,72.86,3.11,8.79,8.31,5.12,0,0,0,0
Denmark ,82.17,4.88,4.41,4.63,1.37,1.68,0,0,0
Malaysia ,74.08,6.17,6.36,6.72,3.58,1.44,0,0,0
Senegal ,96,0,2.21,0,0,0,0,0,0
Japan ,15.51,11.91,49.88,7.33,12.31,1.31,1.25,0,0
Norway ,77.17,10.58,3.88,5.23,0,1.41,0,0,0
Tunisia ,88.37,0,2.66,4.03,2.8,0,1.08,0,0
Poland ,64.28,7.58,7.49,11.23,4.39,3.18,0,0,0
Portugal ,68.85,5.28,7.55,12.44,2.91,1.97,0,0,0
Peru ,68.84,14.75,2.28,7.35,5.55,0,0,0,0
Switzerland ,60.49,6.3,23.5,6.34,1.14,1.05,0,0,0
Algeria ,68.29,1.26,3.32,15.54,10.84,0,0,0,0
Serbia ,75.47,2.09,3.24,15.85,1.71,0,0,0,0
Morocco ,49.32,1.41,2.68,20.19,25.51,0,0,0,0
Chile ,35.17,9,31.65,20.07,2.12,0,0,0,0
Slovakia (Slovak Republic) ,81.73,3.64,3.23,5.11,4.29,0,1.01,0,0
Israel ,66.38,5.21,7.47,15.6,3.3,1.24,0,0,0
New Zealand ,60,11.57,15.87,6.69,1.75,2.62,0,0,0
Vietnam ,54.49,7.61,14.02,3.5,15.24,2.14,1.96,0,0
South Korea ,19.31,5.68,32.73,4.44,35.73,1.22,0,0,0
Nigeria ,65.1,3.74,10.54,7.35,11.81,0,0,0,0
Hong Kong ,28.82,3.91,46.73,3.28,13.92,1.21,0,1.07,0
Iraq ,30.56,0,3.93,37.84,26.55,0,0,0,0
Lebanon ,75.91,1.96,4.37,14.87,2.17,0,0,0,0
Austria ,54.91,10.13,15.43,13.14,2.66,2.27,0,0,0
Taiwan ,56.99,4.66,21.29,7.94,4.11,2.49,2.26,0,0
Uruguay ,56.39,3.34,1.57,36.97,0,0,0,0,0
Qatar ,76.05,2.32,11.64,7.03,1.96,0,0,0,0
Puerto Rico ,68.75,7.98,5.05,15.4,1.22,0,0,0,0
Kuwait ,52.64,1.86,5.94,18.09,2.89,0,18.03,0,0
Syrian Arab Republic ,82.32,0,1.43,10.74,4.94,0,0,0,0
Bermuda ,9.8,1.76,82.63,0,0,4.03,0,0,0
Czech Republic ,48.09,9.84,15.56,13.91,8.04,2.77,0,0,0
Lithuania ,78.35,5.84,4.65,5.9,1.67,2,0,0,0
Dominican Republic ,61.44,4.82,5.12,19.98,7.44,0,0,0,0
Croatia ,74.7,5.75,3.95,8.74,3.95,2.06,0,0,0
Cyprus ,82.36,2.79,3.65,7.82,2.01,0,0,0,0
Madagascar ,92.74,0,5.59,0,0,0,0,0,0
Paraguay ,74.84,3.54,6.31,12.55,2.06,0,0,0,0
Reunion ,93.16,2.94,0,2.41,0,0,0,0,0
Ecuador ,47.64,17.14,3.25,14.48,14.64,0,1.78,0,0
Mauritius ,94.2,1.97,1.11,1.55,0,0,0,0,0
Singapore ,35.86,8.19,27.94,9.09,6.8,6.23,4.88,0,0
Finland ,54.14,7.95,8.98,15.19,3.53,4.25,0,3.52,1.14
Cote dIvoire ,89.49,1.45,6.5,1.06,1.1,0,0,0,0
Costa Rica ,61.43,12.39,5.3,16.96,2.15,0,0,0,0
Ukraine ,37.59,8.84,7.13,17.56,23.45,2.59,1.38,0,0
Russian Federation ,12.37,21.64,4.76,1.67,6.5,5.62,1.96,43.05,2.31
Slovenia ,74.77,6.58,5.99,7.07,2.83,1.82,0,0,0
Sudan ,87.75,0,9.22,1.01,1.79,0,0,0,0
Guatemala ,31.74,12.49,2.89,11.37,40.46,0,0,0,0
Bahamas ,40.95,2.8,51.41,2.1,0,1.78,0,0,0
Bolivia ,63.24,14.04,2.56,6.83,11.98,0,0,0,0
Cameroon ,89.07,1.24,7.08,0,1.18,0,0,0,0
Sri Lanka ,61.21,10.51,3.3,5.75,16.82,1.28,0,0,0
Estonia ,74.57,6.26,8.66,5.52,1.57,2.26,0,0,0
Venezuela ,42.66,13.77,2.42,27.35,11.49,1.49,0,0,0
Libya ,63.81,1,4.8,21.18,8.38,0,0,0,0
Georgia ,76.12,3.49,3.94,9.53,3.31,1.71,1.5,0,0
Malta ,81.12,5.44,4.79,4.5,0,1.05,1.61,0,0
Burkina Faso ,94.19,0,4.68,0,0,0,0,0,0
democratic republic of the congo,87.7,1.3,8.82,1.12,0,0,0,0,0
Oman ,51.32,3.79,19.59,20.41,3.92,0,0,0,0
Latvia ,62.12,6.08,20.31,5.82,2.11,2.02,0,0,0
Seychelles ,70.84,0,26.98,0,0,0,0,0,0
Kenya ,42.35,7.88,17.36,8.89,20.65,1.18,1.41,0,0
Bahrain ,60.86,4.05,6.21,22.13,5.36,0,0,0,0
Bosnia and Herzegovina ,74.06,3.99,3.97,12.42,2.91,2.05,0,0,0
Guinea ,94.37,0,4.53,0,0,0,0,0,0
Trinidad and Tobago ,57.94,10.46,3.04,14.29,12.16,1.18,0,0,0
Yemen ,79.86,0,5.75,6.54,7.44,0,0,0,0
Haiti ,90.15,1.51,4.77,2.16,1.25,0,0,0,0
Cuba ,84.98,5.02,1.44,5.11,2.5,0,0,0,0
Maldives ,85.5,5.9,2.59,3.99,0,0,0,0,0
French Polynesia ,95.53,1.83,1.04,1.08,0,0,0,0,0
Montenegro ,84.7,2.47,2.77,7.32,1.2,0,0,0,0
Moldova ,77.72,5,5.1,6.36,3.58,1.19,0,0,0
Guadeloupe ,87.87,5.17,1.28,4.08,1.02,0,0,0,0
Luxembourg ,65.16,6.96,15.9,7.68,1.53,1.6,0,0,0
El Salvador ,50.24,11.81,7.02,20.39,7.44,2.44,0,0,0
Martinique ,87.22,5.45,1.09,5.08,0,0,0,0,0
New Caledonia ,95,3.16,0,0,0,0,0,0,0
Panama ,24.33,17.97,8.73,42.18,4.62,1.34,0,0,0
Nicaragua ,63.98,8.04,4.32,10.97,11.23,1.08,0,0,0
Jamaica ,24.52,11.74,5.95,46.8,9.48,0,0,0,0
Honduras ,47.83,20.43,4.08,17.34,8.48,1.14,0,0,0
Mali ,90.75,1.22,5.83,1.3,0,0,0,0,0
Benin ,85.13,1.16,11.27,0,1.1,0,0,0,0
Mongolia ,78.84,7.03,4.02,4.96,3.34,1.21,0,0,0
Ghana ,47.6,11.72,14.03,12.72,11.35,0,1.37,0,0
Iceland ,67.65,9.83,8.58,7.87,1.38,2.95,0,0,0
Gabon ,86.02,2.87,7.23,1.56,1.72,0,0,0,0
Cambodia ,40.29,9.31,14.43,3.51,29.7,1.45,0,0,0
Afghanistan ,80.12,2.31,7.51,6.13,2.62,0,0,0,0
Zambia ,70.83,8.67,8.98,4.86,4.06,0,1.41,0,0
Mauritania ,86.91,0,4.06,3.76,4.12,0,0,0,0
Zimbabwe ,61.11,14.41,10.51,5.82,5.83,0,0,0,0
Lao Peoples Democratic Republic ,24.6,1.51,32.75,0,39.46,0,0,0,0
China ,10.64,8.7,68.69,1.69,4.85,1.95,0,0,0
Ethiopia ,60.85,7.71,10.44,5.81,10.66,1.61,2.64,0,0
Andorra ,81.51,2.47,7.91,5.39,0,1.28,0,0,0
Aruba ,79.65,5.72,5.03,7.44,0,0,0,0,0
Niger ,92.39,0,6.01,0,0,0,0,0,0
Tanzania ,54.97,9.91,8.49,12.21,11.98,1.08,1.29,0,0
Antigua and Barbuda ,67.24,3.7,1.72,26.16,0,0,0,0,0
Chad ,88.4,0,9.7,0,0,0,0,0,0
Congo (Republic of the),84.84,2.9,8.54,1.39,1.77,0,0,0,0
Angola ,68.65,8.69,7.57,6.94,6.04,1.01,0,0,0
Uzbekistan ,14.49,12.31,5.52,53.92,8.73,2,1.81,0,0
Fiji ,83.78,6.24,2.52,4.74,1.39,0,0,0,0
Togo ,81,2.37,9.25,2.29,3.44,0,0,0,0
Burundi ,95.2,0,2.68,0,0,0,0,0,0
Guyana ,74.72,11.06,2.28,7.56,2.95,0,0,0,0
Botswana ,70.98,11.82,6.28,4.4,3.54,1.22,1.42,0,0
Vanuatu ,96.59,1.8,0,0,0,0,0,0,0
Armenia ,53.45,8.64,6.85,21.02,3.55,2.39,2.97,0,0
Malawi ,79.15,7.89,5.38,2.97,2.92,0,0,0,0
Papua New Guinea ,59.52,5.45,1.28,1.08,31.84,0,0,0,0
Namibia ,60.11,19.62,4.76,9.17,3.69,1.11,1.02,0,0
Iran ,2.3,12.02,6.81,63.15,6.26,2.08,7.11,0,0
Mozambique ,61.67,10.77,11.06,5.98,7.83,1.36,1.08,0,0
Azerbaijan ,30.33,9.58,7.67,26.16,21.61,2.38,1.51,0,0
Belize ,46.44,14.15,28.58,6.94,1.47,1.94,0,0,0
Somalia ,67.6,3,8.38,6.27,13.29,0,0,0,0
Jersey ,68.86,11.38,7.8,5.56,2.21,1.12,2.55,0,0
Saint Lucia ,76.18,9.16,3.09,7.49,2.74,0,0,0,0
Barbados ,48.97,19.53,5.55,20.4,3.18,1.24,0,0,0
Comoros ,96.93,0,2.04,0,0,0,0,0,0
Macao ,55.21,5.88,30.61,4.68,1.91,1.16,0,0,0
Isle of Man ,70.8,9.03,9.05,5.35,2.44,1.84,1.02,0,0
Suriname ,76.63,8.09,1.98,7.13,4.3,1.04,0,0,0
Uganda ,16.57,20.77,35.91,8.19,14.5,1.7,1.99,0,0
French Guiana ,74.99,9.87,2.32,9.94,1.91,0,0,0,0
Belarus ,11.61,15.83,18.8,21.43,11.45,6.54,7.15,5.74,1.22
Kazakhstan ,23.52,17.16,14.62,7.72,22.46,6.38,2.08,5.02,0
Guernsey ,67.1,10.91,11.6,4.38,3.77,1.35,0,0,0
Lesotho ,85.37,6.11,2.88,2.01,1.51,0,1.57,0,0
Gambia ,82.79,4.72,3.38,3.56,4.73,0,0,0,0
Faroe Islands ,72.06,9.66,9.13,4.43,2.1,1.77,0,0,0
Rwanda ,51.93,10.35,17.85,9.19,6.68,0,2.52,0,0
Liberia ,84,6.19,4.37,2.21,2.38,0,0,0,0
Guam ,51.36,18.24,8.31,10.77,3.56,6.6,0,0,0
Gibraltar ,73.78,7.1,8.21,6.88,1.25,1.02,1.2,0,0
Brunei Darussalam ,34.97,17.9,10.43,28.31,3.78,3.41,0,0,0
Saint Kitts and Nevis ,69.54,9.05,6.86,12.32,1.39,0,0,0,0
Sierra Leone ,76.44,9.04,6.12,2.74,4.25,0,0,0,0
Mayotte ,85.98,6.22,1.63,3.82,1.88,0,0,0,0
Swaziland ,75.18,12.57,4.22,3.44,2.45,0,0,0,0
Kyrgyz Republic ,37.71,10.38,9.66,29.77,6.54,2.33,2.22,1.01,0
American Samoa ,24.4,5.65,57.46,1.81,1.08,9.22,0,0,0
Cayman Islands ,39.37,16.13,17.82,19.45,2.82,1.99,1.84,0,0
Central African Republic ,93.15,0,5.48,0,0,0,0,0,0
Myanmar ,23.36,33.3,3.99,0,29.17,4.46,1.76,2.21,1.25
Tajikistan ,17.11,4.72,3.46,64.17,4.9,1.72,2.11,1.7,0
Greenland ,77.25,9.6,3.98,6.26,0,1.44,0,0,0
Grenada ,49.86,11.83,18,11.68,3.1,2.24,2.57,0,0
Cape Verde ,61.01,14.37,4.4,13.32,4.38,1.34,0,0,0
Solomon Islands ,89.83,4.93,1.88,0,1.91,0,0,0,0
Monaco ,55.41,7.17,26.71,6.62,1.57,1.14,0,0,0
Saint Vincent and the Grenadines ,59.19,12.9,12.18,10.97,3.31,0,0,0,0
Dominica ,67.01,13.89,3.33,11.62,2.66,0,0,0,0
Guinea-Bissau ,93.22,1.96,1.96,1.74,0,0,0,0,0
Timor-Leste ,72.12,6.13,3.01,3.16,7.55,0,7.82,0,0
Saint Pierre and Miquelon ,83.59,7.96,5.68,1.3,0,0,0,0,0
Samoa ,87.58,5.26,1.75,2.7,1.8,0,0,0,0
Turks and Caicos Islands ,50.01,14.02,13.07,17.45,3.4,1.12,0,0,0
Bhutan ,84.3,6.34,2.36,1.68,3.25,1.63,0,0,0
Cook Islands ,87.33,4.16,1.29,4.75,0,0,0,0,0
British Virgin Islands ,55.2,18.95,11.08,8.55,4.14,0,0,0,0
Tonga ,85.45,7.85,2.3,3.51,0,0,0,0,0
Equatorial Guinea ,79.72,4.61,4.99,6.85,2.37,0,0,0,0
Anguilla ,58.29,12.51,11.13,14.21,2.2,0,0,0,0
Northern Mariana Islands ,60.89,18.68,6.33,8.14,2.91,2.71,0,0,0
Liechtenstein ,41.27,18.52,18.47,11.05,4.65,2.76,1.66,0,1.06
Micronesia ,78.38,12.37,2.74,4.34,1.7,0,0,0,0
Saint Martin ,62.35,6.51,14.95,7.36,6.74,0,0,0,0
Kiribati ,75.73,20.39,0,0,2.48,0,0,0,0
San Marino ,60.38,7.34,3.99,23.12,2.63,1.9,0,0,0
Palau ,72.21,13.62,2.32,8.04,1.91,1.09,0,0,0
Wallis and Futuna ,95.42,1.53,2.1,0,0,0,0,0,0
Djibouti ,33.76,10.86,32.38,6.71,10.96,2.57,2.76,0,0
Marshall Islands ,85.88,6.78,2.54,2.26,2.26,0,0,0,0
Tuvalu ,85.53,11.25,0,2.25,0,0,0,0,0
Nauru ,82.39,7.75,1.41,6.69,0,0,0,0,0
Montserrat ,59.28,13.17,2.99,20.36,1.5,2.4,0,0,0
Saint Barthelemy ,61.59,1.38,29.76,4.5,2.08,0,0,0,0
Sao Tome and Principe ,63.05,16.87,1.2,9.24,8.03,0,0,0,0
Falkland Islands (Malvinas) ,74.88,3.45,9.36,8.87,0,0,0,0,0
Holy See (Vatican City State) ,61.95,0,29.2,2.65,1.77,1.77,1.77,0,0
Norfolk Island ,56.92,27.69,9.23,0,1.54,4.62,0,0,0
Turkmenistan ,19.23,38.46,21.79,7.69,7.69,5.13,0,0,0
Eritrea ,62.86,5.71,5.71,0,5.71,0,5.71,0,14.29
Svalbard & Jan Mayen Islands ,86.96,0,0,13.04,0,0,0,0,0
Tokelau ,16,0,64,0,4,16,0,0,0
Niue ,70,0,10,0,0,20,0,0,0
Saint Helena ,100,0,0,0,0,0,0,0,0
Pitcairn Islands ,100,0,0,0,0,0,0,0,0
North Korea ,100,0,0,0,0,0,0,0,0
